PARCEL_NO,PAR_ADD,X,Y,parcel_num
171A9 E023,250 W BROAD ST,-83.37902328572315,33.957402418567874,171A9 E023
041    003,2310 CLEVELAND RD,-83.51212051374284,33.95213831765283,041    003
163B2 B004,200 NORTHCREST DR,-83.3683508644463,33.97764177560375,163B2 B004
182A3 A017,785 RIVERBEND PKWY,-83.36065854056987,33.91600079211821,182A3 A017
182A4 A001,290 UNIVERSITY CIR,-83.35687363681896,33.92114249434299,182A4 A001
171A9 E024,250 W BROAD ST,-83.37916061681494,33.95741019203183,171A9 E024
171A9 E031,250 W BROAD ST,-83.37907949248373,33.95756450497469,171A9 E031
163B7 A027,200 LAKE ST,-83.37155238243453,33.97520403860982,163B7 A027
182D4 A011,130 WHITEHALL RD,-83.34665439063298,33.91393284421686,182D4 A011
241A4 A016,345 BROOKWOOD DR,-83.33583093029223,33.92331202255265,241A4 A016
163B1 B012,425 RUTH ST,-83.37304114028092,33.97424407568602,163B1 B012
163B1 B015,370 CONRAD DR,-83.3727838000016,33.974987061673005,163B1 B015
163D4 H016A,187 FIRST ST,-83.36491900088755,33.96340088497024,163D4 H016A
114C4 A008,170 BOULEVARD HTS,-83.40350822653394,33.96600801650798,114C4 A008
124B4 B003,458 HIGHLAND AVE,-83.39342709532464,33.94016255640631,124B4 B003
181A1 B005,452 MILLEDGE HTS,-83.38839893175052,33.92833614788293,181A1 B005
171A9 E021,250 W BROAD ST,-83.37900971010382,33.95736278198141,171A9 E021
171A9 E032,250 W BROAD ST,-83.3792148763496,33.957568753609884,171A9 E032
171A9 F006,250 W BROAD ST,-83.37920541517366,33.957113616812386,171A9 F006
174A2 A002B,236 GROVE ST,-83.35520584062277,33.94426823014213,174A2 A002B
172C2 B008,1695 E BROAD ST,-83.35447216404297,33.95173543079369,172C2 B008
303D2 A009,395 MILLSTONE CIR,-83.29682754927123,33.89399809097087,303D2 A009
173A4 M006,535 HAMPTON CT,-83.37680050165928,33.93668921245354,173A4 M006
114D1 I006,277 HIAWASSEE AVE,-83.39702603693446,33.967345267826,114D1 I006
184A6 B005,125 SNAPFINGER LN,-83.34912506409658,33.90396640152256,184A6 B005
233C6 A012,385 FLEMING WAY,-83.32980774262919,33.93255179041715,233C6 A012
242B1 A024,150 SANDSTONE DR,-83.31937660041245,33.92024693049851,242B1 A024
124B4 D001,398 MILLEDGE CIR,-83.39119894688307,33.93732404792246,124B4 D001
132B1 E003,150 LULLWATER RD,-83.39626341327073,33.927198769527294,132B1 E003
184B9 A009,145 ONYX PL,-83.34533194660895,33.90658557906492,184B9 A009
163D3 B015,856 COLLEGE AVE,-83.37734851462034,33.96446446028496,163D3 B015
163D3 B021,880 COLLEGE AVE,-83.37749625346997,33.96487647501482,163D3 B021
124B4 C023,255 OAKLAND AVE,-83.38975921057823,33.94037182530904,124B4 C023
132B1 F004,315 DUNCAN SPRINGS RD,-83.3978017001169,33.92572811476691,132B1 F004
102A5 B001,285 FAIRLANE DR,-83.39923683461639,34.0205426458392,102A5 B001
162B   035,460 CALHOUN DR,-83.34721942699647,33.986605914554694,162B   035
173C3 H005,296 PARKWAY DR,-83.38600373266605,33.93194342743971,173C3 H005
173C1 D002,101 MILLEDGE HTS,-83.3841385051136,33.935772071347174,173C1 D002
122B4 G022,195 N BILLUPS ST,-83.39281307631605,33.95474205182963,122B4 G022
171A2 A003,534 PULASKI ST,-83.38077248941829,33.96165810011385,171A2 A003
241A2 A005C,101 HIGHLAND PARK DR,-83.32558584904363,33.917188378221546,241A2 A005C
184D1 C012,260 OCONEE RIVER CIR,-83.35186582487331,33.908322228508716,184D1 C012
244    007A,4350 OLD LEXINGTON RD,-83.30487841756309,33.89975221494076,244    007A
074D  D001,546 EPPS BRIDGE PKWY,-83.43728237466473,33.93492725643775,074D  D001
172A4 E020,160 N PETER ST,-83.36021458014132,33.95751583299419,172A4 E020
124B2 H013,420 W RUTHERFORD ST,-83.39077012858995,33.94338167803365,124B2 H013
174B6 B005,353 EDGEWATER DR,-83.34654315492847,33.94212321320152,174B6 B005
241C2 C004,150 TARA PL,-83.33294167630453,33.91855087114941,241C2 C004
242B1 A023,156 SANDSTONE DR,-83.31886691344742,33.92029387766551,242B1 A023
124D3 E004,200 GLENWOOD DR,-83.39838060139596,33.929734097667684,124D3 E004
124B2 F023,190 OAKLAND AVE,-83.38882026589822,33.94091326777789,124B2 F023
111C5 C001,172 PUTTERS DR,-83.42471321809536,33.986284413533376,111C5 C001
124B2 G016,220 WOODLAWN AVE,-83.38960197231978,33.94218189580256,124B2 G016
123C2 A008,175 LAKEVIEW RD,-83.42984033224239,33.932776604986195,123C2 A008
114C3 A008,425 OGLETHORPE AVE,-83.40610308521687,33.96230230532619,114C3 A008
132D4 C001,223 SLEEPY CREEK DR,-83.38903952468547,33.923936791825724,132D4 C001
113A2 E011,108 VALLEYWOOD DR,-83.42387427100883,33.974867114650486,113A2 E011
173A3 A003,160 E RUTHERFORD ST,-83.38359998459082,33.940451659894705,173A3 A003
132C3 D002,135 BETSY LN,-83.38980251487483,33.914718627080454,132C3 D002
113D3 D005,130 GLENCREST DR,-83.41696509209706,33.96247568554406,113D3 D005
113D3 D008,160 GLENCREST DR,-83.41677976083413,33.96310163573636,113D3 D008
174B6 A008,329 EDGEWATER DR,-83.34796767168835,33.942150726403234,174B6 A008
114D2 D001A,240 BEULAH AVE,-83.38889581811449,33.96755766402575,114D2 D001A
182A3 A025,865 RIVERBEND PKWY,-83.35966390091984,33.91331107765212,182A3 A025
162B   046,465 HULL RD,-83.34610334718676,33.99186056590994,162B   046
172C2 B013A,141 DUBLIN ST,-83.35382572391347,33.951713101438976,172C2 B013A
103    003,347 JEFFERSON RIVER RD,-83.4294247954314,33.99568050478324,103    003
124D2 A007,194 WESTVIEW DR,-83.39071527849771,33.93569300868299,124D2 A007
124D3 C005,445 WESTVIEW DR,-83.400779706296,33.931697272625684,124D3 C005
112    017F,475 NEWTON BRIDGE RD,-83.39840785897289,33.98787959416745,112    017F
064B1 A017,240 CHADDS WALK,-83.44095970755485,33.972862368721316,064B1 A017
163A3 B033,243 MACON AVE,-83.3830419203567,33.970665228277134,163A3 B033
122B4 G015,1226 W BROAD ST,-83.39256702317664,33.95407596398243,122B4 G015
173C1 F008,211 CARLTON TER,-83.3862076521682,33.93497949175028,173C1 F008
171B2 D006B,220 DR MARTIN LUTHER KING JR PKWY,-83.36654602826793,33.95988570097092,171B2 D006B
172C2 B017,398 ARCH ST,-83.35310513250012,33.952267855963925,172C2 B017
124B4 B026,175 OAKLAND WAY,-83.39302553158242,33.940696661730456,124B4 B026
062D1 B002,360 ROUND TABLE RD,-83.44318228720931,33.98554864244477,062D1 B002
124D4 A004,140 HOPE AVE,-83.3904654831979,33.932588718038886,124D4 A004
173A3 B012A,155 MORTON AVE,-83.38423612760467,33.93918778471222,173A3 B012A
244    003H,4130 OLD LEXINGTON RD,-83.31114389819768,33.90396488635568,244    003H
163D3 B012,844 COLLEGE AVE,-83.37726650351976,33.96423595083114,163D3 B012
114D4 B012,750 N CHASE ST,-83.3926202556339,33.96423730852826,114D4 B012
124D2 A002,128 RIDGEWOOD PL,-83.39244528118844,33.935538537868716,124D2 A002
173C3 G002,219 PARKWAY DR,-83.38442004924156,33.93255304397072,173C3 G002
162B   034,450 CALHOUN DR,-83.34760473692123,33.98711542186811,162B   034
163A3 B020,397 ATHENS AVE,-83.38447595947629,33.97030186592863,163A3 B020
181A3 B016,255 DAVIS ESTATES RD,-83.38646147443575,33.92405183936865,181A3 B016
044C5 C002,391 MORNING DR,-83.49827075833632,33.93287255371659,044C5 C002
163D3 B011,840 COLLEGE AVE,-83.37723805061793,33.96415783470915,163D3 B011
172C2 G006,169 OLD WINTERVILLE RD,-83.35528275829687,33.949076484131226,172C2 G006
172A2 C003,480 N PETER ST,-83.35797589746245,33.96074161558284,172A2 C003
262A1 A007,5000 BARNETT SHOALS RD,-83.31053713683599,33.86166378209025,262A1 A007
124B4 B029,501 WOODLAWN AVE,-83.39330473977013,33.941391356176666,124B4 B029
242C3 F010,160 WHISPERWOOD LN,-83.30564623444658,33.917076157501974,242C3 F010
124B4 E011,430 MILLEDGE CIR,-83.39228584833116,33.937392936680624,124B4 E011
182A4 A006,220 UNIVERSITY CIR,-83.35626258802222,33.922436627766615,182A4 A006
241C3 A015,215 RUMSON RD,-83.34279352311948,33.917374426749966,241C3 A015
132B2 E015A,380 OLD PRINCETON RD,-83.3911324482484,33.92706687964294,132B2 E015A
242C3 F015,180 WHISPERWOOD LN,-83.30359701408169,33.91668150235396,242C3 F015
114D1 F013,624 NANTAHALA AVE,-83.39544574616454,33.96773117298114,114D1 F013
062B1 A009A,496 QUAILWOOD DR,-83.43851479406399,33.979908208482144,062B1 A009A
122A1 A015,275 GILMER ST,-83.41086793046732,33.96146071081008,122A1 A015
121D1 E019,2505 W BROAD ST,-83.42107019680952,33.94524548038604,121D1 E019
164C4 C010,542 N PETER ST,-83.35692860970607,33.96196617908455,164C4 C010
041    019D,640 FOWLER MILL RD,-83.52128847691526,33.96414108779106,041    019D
054B1 L001,265 FEDERAL ST,-83.44369448915536,33.99113190174355,054B1 L001
124B2 F024,170 OAKLAND AVE,-83.3885244382818,33.94093267547404,124B2 F024
172A2 C004,454 N PETER ST,-83.3579935943325,33.960494003097764,172A2 C004
243A3 A003,3535 OLD LEXINGTON RD,-83.32897666200591,33.909969885587294,243A3 A003
114D1 F006,398 HIAWASSEE AVE,-83.39633398960457,33.96825866475884,114D1 F006
241B2 A001,289 CEDAR CREEK DR,-83.3246465672425,33.92725144051919,241B2 A001
124B4 C004,260 CHEROKEE AVE,-83.38980995907836,33.93964865953425,124B4 C004
163D3 B010,836 COLLEGE AVE,-83.37721931155318,33.96410678035902,163D3 B010
172A3 A023,165 N PETER ST,-83.360849990752925,33.957656036693265,172A3 A023
122B3 I021,270 HODGSON DR,-83.39981150660782,33.954750369998436,122B3 I021
132C2 B013,290 TIMOTHY RD,-83.40168205560963,33.91874847737369,132C2 B013
122B5 A014,550 DEARING ST,-83.39007480508027,33.95392219165812,122B5 A014
173C2 G024,169 RIVERDALE DR,-83.37709240673234,33.93318137548475,173C2 G024
241B7 B006,1305 CEDAR SHOALS DR,-83.32906941370034,33.923419577630405,241B7 B006
184A2 B010,330 SNAPFINGER DR,-83.34593560655361,33.90524169407063,184A2 B010
241B7 B004,1305 CEDAR SHOALS DR,-83.32886094690402,33.923428876939695,241B7 B004
241A2 A005F,107 HIGHLAND PARK DR,-83.32549990205253,33.917032026193986,241A2 A005F
074C3 A007,835 ST IVES LN,-83.43293097338376,33.927115445505514,074C3 A007
132D4 B027,113 OXFORD CT,-83.38877686340167,33.9247515879816,132D4 B027
121B2 J013,111 HAMPTON PARK DR,-83.41792453060496,33.96065607675242,121B2 J013
172A4 D018,1623 E BROAD ST,-83.35710107635434,33.953907283025764,172A4 D018
124B4 C008,290 MILLEDGE CIR,-83.38938190586698,33.93866612562694,124B4 C008
182C2 E002,500 CALDWELL CIR,-83.35760842343822,33.916857070507355,182C2 E002
163D4 K009A,115 SUMMERWOOD PL,-83.36661877257512,33.96193983143877,163D4 K009A
123B1 B018,204 RIVERSIDE DR,-83.41900120941219,33.94533376240582,123B1 B018
163B7 A031,110 LAKE ST,-83.37177370608812,33.97456297603039,163B7 A031
163D4 A007,145 GRIFFETH ST,-83.36669876110032,33.96610938247159,163D4 A007
114D1 H005,125 LAKEVIEW ST,-83.39719227577983,33.96830153581933,114D1 H005
071    004,698 CLEVELAND RD,-83.47174472779449,33.95757516708611,071    004
173C3 B007A,390 PARKWAY DR,-83.38778949023882,33.93003087630392,173C3 B007A
164C3 C005,230 FIRST ST,-83.36400130903,33.964281357895906,164C3 C005
164C3 C007,208 FIRST ST,-83.36414239471893,33.963775877217756,164C3 C007
182D2 F009,305 TALL PINE LN,-83.35338504450814,33.91561655789314,182D2 F009
072D2 A008,635 RIVERMONT RD,-83.43583480266905,33.9526065439853,072D2 A008
254    010E,500 BELMONT RD,-83.30292734123007,33.86763041925616,254    010E
224C1 D003,1350 SPRING VALLEY RD,-83.31399621339193,33.969922613733665,224C1 D003
171A7 D005,131 E BROAD ST,-83.37649266900449,33.95774557890326,171A7 D005
243    008,3775 OLD LEXINGTON RD,-83.32221841745377,33.91142657539908,243    008
124D5 A004,133 WEST LAKE CT,-83.39752625187465,33.93309155436287,124D5 A004
181C4 B066A,90 VENITA DR,-83.38019745090692,33.915849040423666,181C4 B066A
072C2 B019,115 KINGSTON WAY,-83.45212094372974,33.94800071249046,072C2 B019
171A1 O001,279 MEIGS ST,-83.38319207572594,33.959192473670925,171A1 O001
074D3 B002,211 TAWNYBERRY DR,-83.44347960095615,33.927459905542484,074D3 B002
132D4 B009A,220 SLEEPY CREEK DR,-83.38942899322153,33.92352427819726,132D4 B009A
171A9 H003,250 W BROAD ST,-83.37922373091865,33.95699212017284,171A9 H003
234A1 C002B,131 AIRPORT RD,-83.31811670644419,33.9423522998639,234A1 C002B
114D3 E005,1238 PRINCE AVE,-83.39871500376657,33.96299177503743,114D3 E005
114D3 F004,135 PARK AVE,-83.39866150796784,33.96380263187118,114D3 F004
114D1 F009,698 NANTAHALA AVE,-83.39641490274433,33.96780828652748,114D1 F009
072C4 A039,150 RIVERBOTTOM PL,-83.45483213363394,33.955418981558665,072C4 A039
124B3 E014,510 MILLEDGE CIR,-83.39437643654168,33.93794365626932,124B3 E014
124A4 C013A,120 MEADOWBROOK RD,-83.40091007718647,33.939827183241356,124A4 C013A
132D5 A006,100 DOWNING WAY,-83.38929973566974,33.92299460630414,132D5 A006
171A7 B009,131 E BROAD ST,-83.37640010202404,33.95782600851072,171A7 B009
124B4 B021,335 OAKLAND AVE,-83.39157114335573,33.93996387852864,124B4 B021
163D4 A001,590 ROSA NELL HOWARD ST,-83.36491919997046,33.967020064519794,163D4 A001
102A4  060,305 FAIRLANE DR,-83.39989246493805,34.02093649362843,102A4  060
171A7 H005,131 E BROAD ST,-83.37649266900449,33.95774557890326,171A7 H005
124D4 C008B,700 RIVERVIEW RD,-83.39347656158607,33.930495592125986,124D4 C008B
071A1 A006,102 CHESTERFIELD RD,-83.47096038370226,33.9535909279019,071A1 A006
072E1 B008,150 THE PRESERVE DR,-83.44798471389305,33.94464391675503,072E1 B008
034A1 A017,206 DEERHILL DR,-83.47483427658722,33.96420084237998,034A1 A017
181D3 A009,2165 S MILLEDGE AVE,-83.37692477923179,33.91791215535765,181D3 A009
171C1 E009,287 HENDERSON AVE,-83.3864277711936,33.9502846076108,171C1 E009
132D4 B008A,212 SLEEPY CREEK DR,-83.38953352877044,33.92359492140064,132D4 B008A
132A  A002,360 GLENWOOD DR,-83.40028744799429,33.92800184709331,132A  A002
184A3 B008,210 ANSLEY DR,-83.34694015215842,33.909799721216324,184A3 B008
172A3 B001,1284 E BROAD ST,-83.36291337941218,33.95724985880369,172A3 B001
132A  C003,315 RIVERVIEW RD,-83.40205748202702,33.927530868742686,132A  C003
174    009,284 BAILEY ST,-83.35819444459557,33.94372448700665,174    009
121B5 C020,273 HAMPTON PARK DR,-83.42042588218752,33.95569272480542,121B5 C020
071A1 A018,152 CHESTERFIELD RD,-83.47004889682809,33.95164906431637,071A1 A018
173C3 C011,403 PARKWAY DR,-83.38768982718499,33.92946953700792,173C3 C011
073B2 A013,135 BISCAYNE DR,-83.46246711254055,33.945112778204525,073B2 A013
132D5 B007,200 DOWNING WAY,-83.38972153279968,33.92287250460296,132D5 B007
164C3 C002A,207 HILLSIDE ST,-83.36322730723353,33.96338851535419,164C3 C002A
122D1 J006A,180 CARTER ST,-83.39802123171923,33.94991477814908,122D1 J006A
113A2 E018,160 SHARON CIR,-83.42413299809503,33.97712218408537,113A2 E018
182C2 B006,360 UNIVERSITY CIR,-83.35772399513236,33.919098901115575,182C2 B006
241D1 A002,185 STILLWOOD CT,-83.33082327664611,33.91995984083384,241D1 A002
071D2 A021,390 CHEROKEE RDG,-83.46113967877358,33.95511303356683,071D2 A021
071D2 A038,256 CHEROKEE RDG,-83.45920958830946,33.95045973553154,071D2 A038
124D4 B004,591 MILLEDGE TER,-83.38884185862223,33.93033990305949,124D4 B004
182A1 B013,345 CALDWELL CIR,-83.3601649955751,33.919003453792456,182A1 B013
122C2 F022A,220 COLIMA AVE,-83.40286479561296,33.9500746753866,122C2 F022A
182A3 A023,845 RIVERBEND PKWY,-83.36018537852725,33.91388950300668,182A3 A023
173C3 G009,475 GREENWOOD DR,-83.38498162571148,33.93131455070779,173C3 G009
114D1 B014A,197 CHATTOOGA AVE,-83.39449329108739,33.96835537200008,114D1 B014A
164A4 A013A,120 CANNON DR,-83.36383233529864,33.970717998485355,164A4 A013A
163D7 M015,211 NORTH AVE,-83.3703341061809,33.971635714333694,163D7 M015
181A3 A038,305 DAVIS ST,-83.38621868434521,33.922835663227836,181A3 A038
054C   085D,355 HOBBS RD,-83.45654536352906,33.99698280064508,054C   085D
172A3 A021,137 N PETER ST,-83.361180400945,33.957158781185626,172A3 A021
124C4 B016,370 GLENWOOD DR,-83.4013101499903,33.92856458651544,124C4 B016
131A3 K021,260 TOWNSHIP LN,-83.41313830009045,33.9228694591022,131A3 K021
072B1 D002,110 TREMONT CT,-83.43582137166138,33.94818550742872,072B1 D002
174A2 A002,248 GROVE ST,-83.3556024104354,33.94423042260074,174A2 A002
123B2 F009,245 BISHOP DR,-83.41466164866216,33.94112109572299,123B2 F009
244C4 A004,147 ELDERBERRY CIR,-83.30706722469021,33.90532795669914,244C4 A004
124B4 A004,190 HIGHLAND TER,-83.39391103529388,33.93803834918196,124B4 A004
161A3 A009,161 LOBLOLLY DR,-83.3669798993512,33.990507087868465,161A3 A009
172A4 D019A,1637 E BROAD ST,-83.35673829734452,33.95351346161628,172A4 D019A
122B2 D005A,555 CHASE ST,-83.39296690460101,33.95934590539887,122B2 D005A
122A4 E002,465 BELVOIR HTS,-83.40121535497279,33.9567535709977,122A4 E002
122A4 C003,110 WILLOW RUN,-83.40287233804021,33.957402722822096,122A4 C003
112D2 E012,1270 TOWNE SQUARE CT,-83.40124032669058,33.983469667016564,112D2 E012
112D2 E018,1256 TOWNE SQUARE CT,-83.40218357872735,33.983160080239024,112D2 E018
181D3 A017,2165 S MILLEDGE AVE,-83.37674147280666,33.91818197015773,181D3 A017
162A1 A010,180 SAYEMORE DR,-83.3609559545411,33.991289478134775,162A1 A010
243A9 B027,337 ASHBROOK LN,-83.33542878388185,33.91443948192602,243A9 B027
163B7 A020,270 LAKE ST,-83.37121061958467,33.97591602618304,163B7 A020
122A3 A011D,310 PRICE AVE,-83.40941149513262,33.95513077965398,122A3 A011D
174D5 J033,1035 BARNETT SHOALS RD,-83.3459562980451,33.9333925255057,174D5 J033
241B5 A003,230 E PACES DR,-83.32478536272404,33.92480599135349,241B5 A003
124C2 C007,203 PLUM NELLY RD,-83.40496265327721,33.933429559662265,124C2 C007
163C3 A020A,230 BARROW ST,-83.38350688842097,33.96371897763756,163C3 A020A
171A1 J009,434 MEIGS ST,-83.38566568423799,33.959311473781305,171A1 J009
114C2 A028,106 SYLVIA CIR,-83.40491067477397,33.967243487012446,114C2 A028
172A4 D019B,1641 E BROAD ST,-83.35661960619811,33.95342983021234,172A4 D019B
171D3 A109,250 LITTLE ST,-83.36652675685933,33.950340292381405,171D3 A109
173A4 F006,555 UNIVERSITY DR,-83.37724245167087,33.93787076273101,173A4 F006
172A1 B008F,136 HERMAN ST,-83.36241826323666,33.95868455627733,172A1 B008F
171A9 E002,250 W BROAD ST,-83.37935000541897,33.95708603258679,171A9 E002
121B5 C021,277 HAMPTON PARK DR,-83.42040937765965,33.95545267290967,121B5 C021
173A4 C009,275 MORTON AVE,-83.38173071508577,33.93898401443795,173A4 C009
124A4 B009,620 WEST LAKE DR,-83.4046407883131,33.93891135847426,124A4 B009
124B4 D010,121 CHEROKEE AVE,-83.38987479523212,33.93818925231718,124B4 D010
171A9 C002,250 W BROAD ST,-83.37926585318039,33.956988435510155,171A9 C002
072C4 C005,540 RIVERBOTTOM RD,-83.45374949732249,33.95425955070053,072C4 C005
132C2 B009,145 TILSON RD,-83.40091769059228,33.919929977540946,132C2 B009
112D2 E015,1264 TOWNE SQUARE CT,-83.40163909201954,33.983316650226904,112D2 E015
173C2 G018,139 RIVERDALE DR,-83.37884484462188,33.93311722206927,173C2 G018
182A1 A017,310 SPALDING CIR,-83.36215193738335,33.91982855918816,182A1 A017
123B4 D011,615 RIVERHILL DR,-83.41762921863017,33.93992881992647,123B4 D011
124B1 A025,840 BOBBIN MILL RD,-83.39820305523541,33.941586746689644,124B1 A025
114C5 D402,1688 PRINCE AVE,-83.40554179448681,33.968745227167766,114C5 D402
182C2 E006,527 UNIVERSITY CIR,-83.35787741319807,33.91570049058218,182C2 E006
244B3 A004,115 WYNDFIELD PL,-83.29848922793812,33.90620088144997,244B3 A004
132D4 A014,143 SLEEPY CREEK DR,-83.3900943175817,33.92461632067019,132D4 A014
211B4 A029,121 SWEETGUM WAY,-83.33197067606304,34.022471578077145,211B4 A029
123B2 E002,115 BISHOP DR,-83.41202276587522,33.94344037196877,123B2 E002
163D4 H006,134 CHICOPEE BLVD,-83.36568564448382,33.962640355959635,163D4 H006
172A1 B008B,136 HERMAN ST,-83.3627602428872,33.95918393671876,172A1 B008B
173A4 C002,135 NORTHVIEW DR,-83.38154446862106,33.939839443410754,173A4 C002
072C1 A003,426 PROVIDENCE RD,-83.45117000523038,33.95328980763775,072C1 A003
171A9 H021,250 W BROAD ST,-83.37907208147075,33.957540253029585,171A9 H021
054    009,6050 OLD JEFFERSON RD,-83.43971524858473,33.99669770320546,054    009
114D2 A003,650 BOULEVARD,-83.39215781956611,33.966277639597536,114D2 A003
172A3 A020,135 N PETER ST,-83.36129112488938,33.95700629267006,172A3 A020
122B3 I015,170 MATHEWS AVE,-83.39970171645179,33.955611153839634,122B3 I015
172A5 A002,1295 E BROAD ST,-83.36240030315747,33.95751817340266,172A5 A002
064B5 A017,455 EDGEWOOD DR,-83.43855919124243,33.976804041342,064B5 A017
161D4 B014,100 FREEMAN DR,-83.36550195706012,33.97964194955964,161D4 B014
124C4 C009,555 GLENWOOD DR,-83.40364200850122,33.929445821254404,124C4 C009
114D1 A013,384 NACOOCHEE AVE,-83.39496869057885,33.96697847700843,114D1 A013
172A3 G011,1424 E BROAD ST,-83.3612647304245,33.956219369433946,172A3 G011
122A1 A018,245 GILMER ST,-83.41137141807825,33.96143316918467,122A1 A018
122B1 D006,225 HILLCREST AVE,-83.39640673537869,33.95831372941361,122B1 D006
122B4 F003,1237 W HANCOCK AVE,-83.39339135236615,33.955737285437,122B4 F003
122A3 G011,255 HOLMAN AVE,-83.40558190920355,33.95506518921138,122A3 G011
173A4 D002,146 BURNETT ST,-83.38001317200911,33.9392722854427,173A4 D002
171B6 A001,300 N THOMAS ST,-83.37264688246864,33.96028741733192,171B6 A001
181A1 B001,520 MILLEDGE HTS,-83.38721194992031,33.92845148683433,181A1 B001
122D2 G007,220 S BILLUPS ST,-83.3920437144823,33.952440961210144,122D2 G007
114D1 I004,223 HIAWASSEE AVE,-83.397015794151,33.96690105373874,114D1 I004
182A3 A022,835 RIVERBEND PKWY,-83.36039551272324,33.914199071510026,182A3 A022
074A3 A005,235 RIDGEVIEW DR,-83.43413847496693,33.92433839337848,074A3 A005
173C3 G001,213 PARKWAY DR,-83.38424656909235,33.932735591802924,173C3 G001
182D2 D018,172 TALL PINE LN,-83.35066559733198,33.91494382979736,182D2 D018
032A1 A005,145 THREE OAKS DR,-83.4894193119777,33.99082536449972,032A1 A005
114D2 E004,235 BEULAH AVE,-83.38977881252706,33.96737684819388,114D2 E004
171A9 D007,250 W BROAD ST,-83.3789406981717,33.95707641105429,171A9 D007
171A3 O004,175 DEARING ST,-83.38314923916674,33.95433592825683,171A3 O004
163D4 D002A,260 ROSA NELL HOWARD ST,-83.36889584035377,33.96468695703543,163D4 D002A
181A2 B022,230 HABERSHAM DR,-83.38054525818886,33.92679322408185,181A2 B022
171A9 E018,250 W BROAD ST,-83.37911992704845,33.95729126893051,171A9 E018
172A3 G010,1438 E BROAD ST,-83.36085327909211,33.95573512058995,172A3 G010
172A2 C003A,370 MORELAND AVE,-83.35775231877415,33.9605626619918,172A2 C003A
054    002D,6295 JEFFERSON RD,-83.44815240290609,33.99954679357653,054    002D
163D4 A004,546 ROSA NELL HOWARD ST,-83.36537410339453,33.96673406036703,163D4 A004
121A4 C015,275 PINE FOREST DR,-83.42670180795444,33.955417667250885,121A4 C015
233D4 C009,175 BROOMSEDGE TRL,-83.32276282643532,33.92863724456901,233D4 C009
112A2 A001,310 NASSAU LN,-83.40527132019659,33.98978367251144,112A2 A001
172A4 D012A,180 DERBY ST,-83.35750413009741,33.95516332354613,172A4 D012A
171B1 C005A,480 N THOMAS ST,-83.37361925978195,33.96142796522163,171B1 C005A
171A7 D004,131 E BROAD ST,-83.37648636586145,33.95766100005914,171A7 D004
124B4 E003,167 HIGHLAND TER,-83.39299854458658,33.937863262675094,124B4 E003
163D3 B016,860 COLLEGE AVE,-83.3773655128839,33.96451201364473,163D3 B016
073    009K,225 JENNINGS MILL PKWY,-83.4650186867652,33.93149008317782,073    009K
114C2 D003B,1377 BOULEVARD,-83.40326370782138,33.96772889347779,114C2 D003B
243C1 F007,123 MILFORD DR,-83.33855396783768,33.903483303369974,243C1 F007
181A3 A031,190 HEATHERWOOD LN,-83.38717105366626,33.92247362770714,181A3 A031
121A2 B011,230 TARA WAY,-83.42684052523605,33.96090338979555,121A2 B011
071D4 D009,140 CHEROKEE RDG,-83.46174273737479,33.94592848378611,071D4 D009
304    001C,5500 OLD LEXINGTON RD,-83.26848942096667,33.89873382242334,304    001C
164C3 E004,292 FIRST ST,-83.36323060280792,33.964826111642495,164C3 E004
173A5 C004,170 WOODROW ST,-83.38477958491056,33.93982443051837,173A5 C004
123C5 A013,293 SKYLINE PKWY,-83.42988950250385,33.92912299922402,123C5 A013
182C2 F005,560 CALDWELL CIR,-83.35518439247902,33.917590275314076,182C2 F005
293C2 A025,105 BACH DR,-83.27493891497609,33.932646159853505,293C2 A025
132B2 A004,145 OAKDALE RD,-83.39472203702978,33.92470568113294,132B2 A004
184A3 B033,165 RACHEL WAY,-83.34927708983564,33.907128642748155,184A3 B033
124A3 B007B,240 BEECH CREEK RD,-83.40865311352974,33.93917049653265,124A3 B007B
103A1 J006,125 ALICE WALKER DR,-83.42797447442483,33.997007913363376,103A1 J006
114C4 C006B,238 YONAH AVE,-83.40100119681557,33.96541963755829,114C4 C006B
171A9 B007,250 W BROAD ST,-83.37900556184556,33.95704864870054,171A9 B007
171A1 K010,534 MEIGS ST,-83.38730610030761,33.95903852494548,171A1 K010
171A4 B014,512 W BROAD ST,-83.38139803143098,33.956504887977,171A4 B014
173C2 F001,590 SOUTHVIEW DR,-83.37629821245027,33.93479416219329,173C2 F001
172C1 J025,231 BURNEY ST,-83.35801926814241,33.951485131349344,172C1 J025
131A3 L010,304 TOWNSHIP LN,-83.41525935976512,33.92202793814194,131A3 L010
122B4 J003F,500 DEARING ST,-83.38926484908745,33.95364537560527,122B4 J003F
173C2 F019,310 SOUTHVIEW DR,-83.38040615451442,33.93467751571819,173C2 F019
184A4 C009,160 FLANNIGANS PL,-83.3471493572283,33.90511588254774,184A4 C009
122A3 H014,243 SUNSET DR,-83.40702160230063,33.95409094625119,122A3 H014
171A1 Q015,229 N FINLEY ST,-83.38347229511531,33.95757180455255,171A1 Q015
163A3 B009,281 ATHENS AVE,-83.38600839486853,33.9699084027782,163A3 B009
163C1 H003,111 KENDENE ST,-83.38222276070238,33.96761413352761,163C1 H003
132B1 G007,375 DUNCAN SPRINGS RD,-83.39543630718026,33.92494172257057,132B1 G007
164A3 A010,235 BRAY ST,-83.36354089734976,33.97163344923075,164A3 A010
121A1 B012A,285 TIMBERLANE DR,-83.43186466316367,33.9595349101134,121A1 B012A
112    014A,532 KATHWOOD DR,-83.40155296266707,33.98797731845131,112    014A
173C2 H005,160 RIVERDALE DR,-83.37735585475447,33.932507038786355,173C2 H005
132B2 B002,145 TERRELL DR,-83.39501170993213,33.92749783080513,132B2 B002
241C3 E011,360 RUMSON RD,-83.34431074907532,33.914367207792395,241C3 E011
242B1 D020,140 AMBOY CT,-83.31272125198774,33.91690826846247,242B1 D020
124D3 B003,383 WESTVIEW DR,-83.39710965437959,33.931230410489476,124D3 B003
173A3 E008,215 MILLEDGE CIR,-83.38793712368131,33.9384699787363,173A3 E008
132B2 F003,445 OLD PRINCETON RD,-83.3915257735498,33.925749088848065,132B2 F003
111C3 B019,130 BEVERLY DR,-83.43214870573827,33.97959567178894,111C3 B019
181A2 D009,2006 S MILLEDGE AVE,-83.37964506736007,33.92726581652373,181A2 D009
321    004N,990 BELMONT RD,-83.28648316704246,33.863318575222785,321    004N
113D3 D015,120 KNOTTINGHAM DR,-83.41745360213969,33.962569449280984,113D3 D015
181A2 B013,517 WOODLAND HILLS DR,-83.3798800518591,33.926338307019584,181A2 B013
173C2 E023,697 PINECREST DR,-83.38090020084506,33.93238011209757,173C2 E023
173C2 E032,623 PINECREST DR,-83.38079729015004,33.93443509551083,173C2 E032
262    030C,5065 BARNETT SHOALS RD,-83.30084341413475,33.86090316280194,262    030C
244C  I007,265 TAMARACK DR,-83.30915901870999,33.90036757311003,244C  I007
124C4 C004,225 RIVERVIEW RD,-83.40439545310007,33.92953060955138,124C4 C004
242B3 A007,540 SANDSTONE DR,-83.31695823051497,33.91699704571162,242B3 A007
172A5 A003,1295 E BROAD ST,-83.36235272893575,33.957605805681276,172A5 A003
124C4 C001,733 GLENWOOD DR,-83.40440833904606,33.93070561825284,124C4 C001
123D1 B007,160 ST GEORGE PL,-83.41788424961092,33.9358343951879,123D1 B007
074A6 A034,390 WILDE OAK PL,-83.44835828402603,33.93965385830319,074A6 A034
122C2 C013,1760 W OLD BROAD ST,-83.40462631058755,33.95297791461597,122C2 C013
054C   072,230 LAKELAND DR,-83.45201546331643,34.002082480905585,054C   072
111C3 B002,115 LAUREL DR,-83.43288759851968,33.97911854489884,111C3 B002
121A1 B012B,980 FOREST HEIGHTS DR,-83.43213153873215,33.95928602583542,121A1 B012B
163C1 C001,285 SAVANNAH AVE,-83.3856993535405,33.969654987842,163C1 C001
252C2 A003,115 HANCOCK LN,-83.31142323609778,33.88572956744323,252C2 A003
241B7 B007,1305 CEDAR SHOALS DR,-83.32930101459414,33.92348733242235,241B7 B007
234A3 A003,175 MORNING VIEW DR,-83.31651480887048,33.940175343352124,234A3 A003
121D4 B007,202 BRIARCLIFF RD,-83.4166469362088,33.94593530788757,121D4 B007
122B2 I002,595 HILL ST,-83.39090439872194,33.95880401242471,122B2 I002
181A2 B044,180 HABERSHAM WAY,-83.38068531219187,33.92855407983106,181A2 B044
172C5 A062,210 APPLEBY DR,-83.36107055286685,33.94719358752641,172C5 A062
121B2 A005,157 GILMER ST,-83.41280459022313,33.96142240724218,121B2 A005
173C2 E018,1695 S MILLEDGE AVE,-83.38168994172437,33.9321840158475,173C2 E018
063B1 C001,1215 TALLASSEE RD,-83.46379413453089,33.9813960558844,063B1 C001
072A9 A001,803 MITCHELL BRIDGE RD,-83.445521318654,33.95054002905178,072A9 A001
121C2 A014,725 PINE FOREST DR,-83.42929238052882,33.95314113732382,121C2 A014
163C1 G001,540 ATHENS AVE,-83.3818167439079,33.97029066178765,163C1 G001
163C3 A003B,240 CRAWFORD AVE,-83.3849229254031,33.966297245787125,163C3 A003B
171C4 B006,327 S CHURCH ST,-83.38400871639114,33.95282050644415,171C4 B006
124D2 D017,1982 S LUMPKIN ST,-83.39172455820096,33.93329727583602,124D2 D017
163D4 H007,122 CHICOPEE BLVD,-83.36573115491753,33.96247858033167,163D4 H007
072A   002,489 VAUGHN RD,-83.4522826102575,33.95955421433988,072A   002
233A2 B006,135 SHADYBROOK DR,-83.33585155201665,33.94179662848256,233A2 B006
122A3 E008,250 PRICE AVE,-83.40772322988151,33.95550031293233,122A3 E008
122B4 B001,460 N BILLUPS ST,-83.39311002621588,33.95712747034769,122B4 B001
171A9 D001,250 W BROAD ST,-83.3793278272401,33.956975214948386,171A9 D001
163D6 A008,163 BERLIN CT,-83.36772260020659,33.967347871801934,163D6 A008
123C2 A027A,405 PINEWOOD CIR,-83.43216014783042,33.9334175394806,123C2 A027A
181A3 B024,150 JANE CIR,-83.38517392600916,33.92351395632762,181A3 B024
124B3 D008,525 MCWHORTER DR,-83.39548464554817,33.939723011428725,124B3 D008
124B2 F018,274 OAKLAND AVE,-83.39022326187342,33.940824466528895,124B2 F018
164C3 C005B,240 FIRST ST,-83.3636140153655,33.96415997229921,164C3 C005B
181A2 A005B,2018 S MILLEDGE AVE,-83.3789582686303,33.925419699789245,181A2 A005B
181A3 A015,105 DAVIS ST,-83.38229819154239,33.92379106769047,181A3 A015
123B2 C019,136 BEACHAM DR,-83.4151968613729,33.943387600847984,123B2 C019
121B5 E016,330 HAMPTON PARK DR,-83.42285318432621,33.95323148432252,121B5 E016
111C3 C003,460 WHITEHEAD RD,-83.43411089182322,33.98104292842576,111C3 C003
162B   047A,445 HULL RD,-83.34643395274956,33.99114056854764,162B   047A
233D1 D009A,194 CIVITAN CLUB DR,-83.32564927460515,33.93310324247472,233D1 D009A
122A3 G016,285 HOLMAN AVE,-83.40670584315697,33.955458320504306,122A3 G016
122A3 F009,185 BEST DR,-83.40615115693618,33.9561950591228,122A3 F009
121B2 B008,250 CLOVER ST,-83.412111774347,33.960162181066394,121B2 B008
244D1 C009,125 PRESCOTT CT,-83.31798357215708,33.912789829161746,244D1 C009
171A1 G004,535 PRINCE AVE,-83.38615736555775,33.96060173463501,171A1 G004
122D3 A002,224 FORTSON DR,-83.39934288496461,33.945075687178665,122D3 A002
122B3 I024B,220 HODGSON DR,-83.39890516242211,33.95370095735862,122B3 I024B
071A4 D025,512 CHESTERFIELD RD,-83.46771846491298,33.960184278430766,071A4 D025
241B6 B007,129 SPRING LAKE DR,-83.32798502848871,33.92517267832452,241B6 B007
114D3 C021,191 HIAWASSEE AVE,-83.39730100783117,33.96599101840138,114D3 C021
162A2 C005,124 CHARDONAY ST,-83.35847686955141,33.99302915854698,162A2 C005
124B4 D012,183 CHEROKEE AVE,-83.3899397470696,33.93853125353462,124B4 D012
114D2 D006,220 NANTAHALA AVE,-83.3881716418403,33.96700894731852,114D2 D006
163C1 E013,157 SAVANNAH AVE,-83.38518181476464,33.96807786698165,163C1 E013
182D2 C002,185 CEDAR ROCK TRCE,-83.3509876507916,33.91416305254626,182D2 C002
121    003A,9 BEECH HAVEN DR,-83.42383023271509,33.948807901084585,121    003A
122C1 C001,2220 W BROAD ST,-83.41023459107308,33.950394681011225,122C1 C001
173A1 G003,213 W RUTHERFORD ST,-83.38572506806858,33.942536593373944,173A1 G003
161D4 A016,150 FREEMAN CIR,-83.3653236955171,33.98148505178802,161D4 A016
173C1 I011,290 MILLEDGE HTS,-83.38709378357481,33.93283207921657,173C1 I011
123D2 C001,190 HARBEN PL,-83.4115829155992,33.937429214019026,123D2 C001
172C5 A066,210 APPLEBY DR,-83.36101416395864,33.94735209716995,172C5 A066
171A5 B204,269 N HULL ST,-83.37890903320765,33.9584969021241,171A5 B204
241B7 B005,1305 CEDAR SHOALS DR,-83.32900386413543,33.92341377882379,241B7 B005
233D1 D006,175 PONDEROSA DR,-83.32637239108135,33.9331479863754,233D1 D006
172C5 A040,290 APPLEBY DR,-83.36242734299105,33.94897367232227,172C5 A040
062D2 B001,170 ROBERTS RD,-83.4365889018923,33.984399169663014,062D2 B001
122B3 F041,242 GLENHAVEN AVE,-83.3959810180333,33.95569302189891,122B3 F041
122C2 G031,210 EVANS ST,-83.40176892940907,33.9506995599238,122C2 G031
171A3 F007,170 N CHURCH ST,-83.38567197309746,33.956352634010734,171A3 F007
113C1 J002,260 KIRBY LN,-83.43249210676647,33.97025013638731,113C1 J002
113A2 C002,122 CLIFTON DR,-83.42819847089518,33.97584071579704,113A2 C002
114D4 C002,315 DUBOSE AVE,-83.39126007784886,33.963349547647354,114D4 C002
132B2 E003,360 OLD PRINCETON RD,-83.39172719775658,33.92766494039791,132B2 E003
124D1 A028A,320 WEST LAKE DR,-83.39617181801293,33.93386586439837,124D1 A028A
172A3 A010,148 N POPLAR ST,-83.36153233349407,33.95781720052491,172A3 A010
113A2 B008,115 CLIFTON DR,-83.42767526173053,33.97500592186144,113A2 B008
122B1 C003,125 GLENHAVEN AVE,-83.3942272383972,33.9576074405401,122B1 C003
122B1 D003,130 THE PLAZA,-83.39621482465871,33.95784881041673,122B1 D003
303    010B,4900 OLD LEXINGTON RD,-83.28801149825193,33.900861913303125,303    010B
163B2 A010,491 RUTH ST,-83.36741154446305,33.97468287757412,163B2 A010
214A1 C017,329 OLD PITTARD RD,-83.31932905395043,34.008660754073,214A1 C017
122C2 G027,238 EVANS ST,-83.40182237941828,33.94991523888652,122C2 G027
181A2 E040,1905 S MILLEDGE AVE,-83.37868250518778,33.92744916518055,181A2 E040
182B3 A005,211 COLLEGE CIR,-83.35321545078448,33.92629834261891,182B3 A005
071A3 B003,269 IMPERIAL WAY,-83.4671262580933,33.95853693828033,071A3 B003
173C4 C028,1775 S MILLEDGE AVE,-83.37998067682595,33.92952456782074,173C4 C028
174B6 B013,385 EDGEWATER DR,-83.34519817307189,33.941298020733825,174B6 B013
163C1 G009,184 CLEVELAND AVE,-83.38172666791951,33.96905149800495,163C1 G009
172C5 A045,290 APPLEBY DR,-83.3624558499702,33.948771817952164,172C5 A045
171C4 B004,323 S CHURCH ST,-83.38411675448295,33.952895343939524,171C4 B004
114C2 F012A,399 BUENA VISTA AVE,-83.40153753819125,33.968212119417714,114C2 F012A
111C3 D010,125 BEVERLY DR,-83.43225752002078,33.98034674339765,111C3 D010
071A3 B004,249 IMPERIAL WAY,-83.46713784547686,33.95818194433442,071A3 B004
184B8 A010,112 LAYLA CT,-83.33967185838044,33.90952408321401,184B8 A010
184A8 A002,200 RIVERGROVE PKWY,-83.35101543841272,33.90108762037457,184A8 A002
173C1 H009,176 CARLTON TER,-83.38731437573144,33.93466454398129,173C1 H009
173A4 J004,210 UNIVERSITY DR,-83.3819531912319,33.93707950543547,173A4 J004
122B2 G003,574 N MILLEDGE AVE,-83.38970507931653,33.960052171297804,122B2 G003
114D4 D016,131 GRADY AVE,-83.38789594037588,33.96256866249585,114D4 D016
181A2 B023,220 HABERSHAM DR,-83.38077832816019,33.926819582155055,181A2 B023
164C3 C001,232 RIDGE AVE,-83.36348702505882,33.96363058264954,164C3 C001
301A1 A005,140 WESLEY DR,-83.2832208024579,33.9205619095876,301A1 A005
244A4 A015,420 MIDLANDS PL,-83.31749758309249,33.90888256720704,244A4 A015
122B3 A008,255 INDALE AVE,-83.39567922882982,33.9569800458396,122B3 A008
121D4 A009,171 BRIARCLIFF RD,-83.41538237608768,33.94584248689056,121D4 A009
082A  D003,660 KINGS RD,-83.45037999270171,33.92726695019695,082A  D003
123C4 B004,295 TANGLEWOOD DR,-83.42233171127783,33.93144711799524,123C4 B004
163D4 I004,16 VINE ST,-83.36565307152857,33.961909315549235,163D4 I004
171C1 B013,390 S POPE ST,-83.38300286642924,33.95143374142833,171C1 B013
172B3 B009,640 VINE ST,-83.3541418058552,33.95463582462146,172B3 B009
123A5 C004,101 WOOD LAKE DR,-83.43379916913607,33.93790242837285,123A5 C004
121B1 E011,425 FOREST HEIGHTS DR,-83.42301067076065,33.95745371522966,121B1 E011
123B2 B017,190 DELL AVE,-83.41551723590287,33.94524762967094,123B2 B017
173C4 B046,655 EAST CAMPUS RD,-83.37890947973759,33.93068293035635,173C4 B046
121A3 C001,601 FOREST HEIGHTS DR,-83.42989637853213,33.955472508461234,121A3 C001
171A9 C004,250 W BROAD ST,-83.37914121533493,33.957030751249114,171A9 C004
124D1 A020,370 WEST LAKE DR,-83.39712299052024,33.93449453991965,124D1 A020
122A1 F009,525 HOLMAN AVE,-83.40899740701123,33.95908766226703,122A1 F009
122B3 G004,212 THE PLAZA,-83.39698859353682,33.95657649839794,122B3 G004
114D4 B031,190 COHEN ST,-83.39214088690915,33.96456328614808,114D4 B031
163A3 B046,529 ATHENS AVE,-83.38230207551186,33.97098535593158,163A3 B046
172C5 A022,290 APPLEBY DR,-83.36328098787631,33.94856678279392,172C5 A022
163C1 A007A,240 AUGUSTA AVE,-83.38366229741473,33.96941261676828,163C1 A007A
122D3 F001,901 HENDERSON EXT,-83.39741327347043,33.948893107499785,122D3 F001
124B3 B009,196 ROCK GLEN RD,-83.39713626279247,33.938715730958094,124B3 B009
124B3 B013,150 ROCK GLEN RD,-83.39560345907911,33.93876067504913,124B3 B013
172A4 B022,236 N PETER ST,-83.35941734550141,33.958458377479424,172A4 B022
163C3 A003J,368 BARBER ST,-83.38565289932774,33.96663447452306,163C3 A003J
124D1 A037,130 VALLEY RD,-83.3951871934831,33.9334598688887,124D1 A037
163D4 J001,241 PEARL ST,-83.36648420463085,33.962942879340744,163D4 J001
131A3 J013,216 TOWNSHIP LN,-83.41188918056238,33.92412509874578,131A3 J013
171C3 E011A,424 BLOOMFIELD ST,-83.38544080442523,33.94543243477254,171C3 E011A
163C3 A003I,366 BARBER ST,-83.38560686307869,33.96651037299446,163C3 A003I
122D2 A004,420 S MILLEDGE AVE,-83.3880243617514,33.950345505526506,122D2 A004
121    005,4 BEECH HAVEN DR,-83.41997560921328,33.950143297671,121    005
303    001F,655 MORTON RD,-83.28266817869685,33.908217347732396,303    001F
173C1 H006,230 MILLEDGE TER,-83.38742432645752,33.93425472494613,173C1 H006
171B3 A001,480 E BROAD ST,-83.37282629257801,33.95789525842277,171B3 A001
121C1 E018,523 RIVERMONT RD,-83.43369137225619,33.9499666507177,121C1 E018
124B1 B006,241 FORTSON DR,-83.3995469914265,33.944076954794326,124B1 B006
172C5 A030,290 APPLEBY DR,-83.3626653833347,33.949165827046826,172C5 A030
171D3 D309,250 LITTLE ST,-83.36464704974846,33.94895643773633,171D3 D309
122B1 A007,1055 PRINCE AVE,-83.39454202731741,33.961627248783174,122B1 A007
122A4 F003A,296 HODGSON DR,-83.40076676003372,33.95527772559069,122A4 F003A
122A4 G011,535 KING AVE,-83.40161239752476,33.95471807066701,122A4 G011
122B3 D024,1326 W HANCOCK AVE,-83.39491252482115,33.955847438280145,122B3 D024
082A  E019,580 KINGS RD,-83.45292930894497,33.925263351903226,082A  E019
122D2 A002,480 S MILLEDGE AVE,-83.38810818252703,33.94974905757867,122D2 A002
163C3 D016A,135 BOULEVARD,-83.38581800788126,33.96499708927691,163C3 D016A
172A3 F008C,145 HARPER ST,-83.36100253010703,33.95445790200651,172A3 F008C
121B5 D013,301 JOANNE CT,-83.42087415911338,33.95467764540579,121B5 D013
163C4 C018,569 PULASKI ST,-83.38154181865973,33.96298709920642,163C4 C018
114C2 H001,190 NANTAHALA EXT,-83.40097859984283,33.968263292381515,114C2 H001
163C4 C013,539 PULASKI ST,-83.38159424415498,33.96175860624595,163C4 C013
064B3 A010,270 WESTWOOD DR,-83.44417598372357,33.97564294260971,064B3 A010
122A3 D015,295 BEST DR,-83.40760236284221,33.9575641076546,122A3 D015
072A1 A006,150 HIGH RIDGE DR,-83.44494542848902,33.95525241563299,072A1 A006
184D1 D009,232 CENTER PARK LN,-83.35225892032445,33.9091085568329,184D1 D009
114D1 A009,545 NANTAHALA AVE,-83.39394461093191,33.967007163432434,114D1 A009
171A5 C001,185 N HULL ST,-83.37873203740233,33.957533883491955,171A5 C001
062C1  012,255 CAMELOT DR,-83.43681006783726,33.98247884916105,062C1  012
163C4 C014,545 PULASKI ST,-83.38159330883273,33.96196652374099,163C4 C014
122B4 B003,426 N BILLUPS ST,-83.39304580285675,33.95692976203218,122B4 B003
171A9 C006,250 W BROAD ST,-83.37900177293204,33.957063128380646,171A9 C006
171A9 D002,250 W BROAD ST,-83.37926585318039,33.956988435510155,171A9 D002
171B2 D006,113 FIRST ST,-83.36622605517648,33.95992534158621,171B2 D006
182D2 C009,149 PINE RIDGE TRCE,-83.35232468031182,33.91371554733281,182D2 C009
171C1 B007,425 S CHURCH ST,-83.38368455808488,33.95102838837133,171C1 B007
162B   048,424 HULL RD,-83.34792980091619,33.99087985645235,162B   048
163D4 H012,179 FIRST ST,-83.36511003845024,33.96268666458452,163D4 H012
114D4 A007,421 BOULEVARD,-83.38993781834279,33.9653213703003,114D4 A007
163D2 A001,211 NORTH AVE,-83.36985078208899,33.97118427393352,163D2 A001
114B   002,665 BARBER ST,-83.3873364874491,33.968761912917834,114B   002
111C1 C011,60 CAROLE LN,-83.43160606458518,33.983150506629165,111C1 C011
122D3 F007,410 BENNING ST,-83.39750052635458,33.94858882929192,122D3 F007
171B4 A007,173 WILKERSON ST,-83.36700794162958,33.95784614967853,171B4 A007
044C5 G010,805 FITZROY DR,-83.50072108820679,33.93349820432639,044C5 G010
252A1 A034,233 HIDDEN SPRING WAY,-83.31372739737637,33.88843700422522,252A1 A034
113A5 A012,220 MAGNOLIA BLOSSOM WAY,-83.42287961423297,33.97223779677612,113A5 A012
124B2 B015,288 STANTON WAY,-83.39236461648711,33.943619893894066,124B2 B015
103D1 G013,195 PEPPERIDGE LN,-83.41450348195256,33.996878079817854,103D1 G013
171C3 E004A,45 MELL ST,-83.38617767255741,33.94544307569279,171C3 E004A
171C3 E010,120 W CLOVERHURST AVE,-83.38511261546765,33.94507192532736,171C3 E010
242B4 A006,111 GREENBRIER WAY,-83.30873959043072,33.92205772432646,242B4 A006
242C3 B029,340 CARRINGTON DR,-83.29887269403459,33.91143988766187,242C3 B029
171A9 C005,250 W BROAD ST,-83.37907157231696,33.95704700883528,171A9 C005
121B5 F011,335 HAMPTON PARK DR,-83.42329624036822,33.952633149776105,121B5 F011
103A1 K005,156 BROCKETT DR,-83.42717785605724,33.99946945294443,103A1 K005
171A1 L005,569 MEIGS ST,-83.38768769329467,33.9584748056941,171A1 L005
171A1 M004,475 MEIGS ST,-83.38629452019772,33.95877189651086,171A1 M004
074C  G005,345 KINGS RD,-83.45426366481749,33.9301931004293,074C  G005
173C1 F003,153 MILLEDGE TER,-83.3857799016074,33.936265790347214,173C1 F003
122B1 A006A,1045 PRINCE AVE,-83.39420904751958,33.961668455846535,122B1 A006A
182A3 A001,615 RIVERBEND PKWY,-83.36535258237977,33.91537407067358,182A3 A001
171D3 C305,250 LITTLE ST,-83.36501509451378,33.94929826994212,171D3 C305
122A3 C004,230 MILLARD AVE,-83.40891084312577,33.95721066159779,122A3 C004
121B2 C021,310 CLOVER ST,-83.41187565502264,33.95965566186511,121B2 C021
132D5 A002,100 DOWNING WAY,-83.3892997360517,33.92299460644714,132D5 A002
074C  G006,355 KINGS RD,-83.45464780524111,33.92989670807628,074C  G006
124B3 A006,480 HIGHLAND AVE,-83.39447821656135,33.94059042773686,124B3 A006
242A2 D005,560 CEDAR CREEK DR,-83.3127001506994,33.92307622579292,242A2 D005
172A4 E020C,170 N PETER ST,-83.36016560321303,33.957701686766264,172A4 E020C
113B3 B008,147 S HOMEWOOD DR,-83.42102818226599,33.97263131972388,113B3 B008
121B2 C015,370 CLOVER ST,-83.4118131333537,33.958421560523306,121B2 C015
122C4 C003,282 MAGNOLIA ST,-83.40375824344778,33.946460888459995,122C4 C003
124B1 B013,145 MEADOWVIEW RD,-83.39973932756403,33.942154157287405,124B1 B013
181A2 E019,1909 S MILLEDGE AVE,-83.37836734706802,33.926509539055566,181A2 E019
122A1 C009,615 SUNSET DR,-83.41061822381374,33.96028097214825,122A1 C009
182D1 A004,145 WATSON DR,-83.35378185566468,33.919535681619024,182D1 A004
243A6 B045,105 STONYBROOK PL,-83.33251976016155,33.897150534179346,243A6 B045
112A3 D002,135 CHAMPIONSHIP DR,-83.41108477436288,33.98829471623022,112A3 D002
163B1 A013C,112 CONRAD DR,-83.3784950145215,33.975024334003876,163B1 A013C
181A2 A009,518 WOODLAND HILLS DR,-83.37979382066817,33.925813802938286,181A2 A009
181A2 A019,578 WOODLAND HILLS DR,-83.38209272352438,33.925911811936984,181A2 A019
233B4 C019,207 EAST MEADOW DR,-83.31904501927929,33.94003432950251,233B4 C019
072C2 D006,115 URBANA WAY,-83.4540877959562,33.947489272498494,072C2 D006
123D6 A002,140 CYPRESS MANOR LN,-83.43066167561751,33.934974806612466,123D6 A002
163D4 K002,220 SECOND ST,-83.36679486711658,33.96261655985988,163D4 K002
072C4 A006,650 RIVERBOTTOM RD,-83.45597399768886,33.9580255196785,072C4 A006
163D2 G025,527 ROSA NELL HOWARD ST,-83.36658365209756,33.96663180795312,163D2 G025
124D1 A003,110 WOODLAND WAY,-83.3938078787799,33.937197452271015,124D1 A003
171A9 G002,250 W BROAD ST,-83.37935000541897,33.95708603258679,171A9 G002
114D3 G013,338 SATULA AVE,-83.39973034883023,33.965521769025955,114D3 G013
163B5 E001,148 BRIDGEWATER CIR,-83.37345655054735,33.97766036928519,163B5 E001
124B1 B014,196 FORTSON CIR,-83.39921070987,33.94228706732551,124B1 B014
174B   009,340 BARNETT SHOALS RD,-83.35284517320521,33.94184355910938,174B   009
122A4 A008,186 BEST DR,-83.40580976888283,33.95654301051508,122A4 A008
124C4 D010,167 PLUM NELLY RD,-83.40264322717844,33.932391489576,124C4 D010
172C5 A036,290 APPLEBY DR,-83.36251069349171,33.94886259884009,172C5 A036
171D3 C202,250 LITTLE ST,-83.36523635183465,33.94930750513347,171D3 C202
241C3 A019,165 RUMSON RD,-83.34150092742887,33.917601990112566,241C3 A019
172A3 A013,122 N POPLAR ST,-83.36203069719816,33.95707534510585,172A3 A013
171C1 A002L,315 S POPE ST,-83.38306411534124,33.953587912437435,171C1 A002L
124B3 C004,540 MCWHORTER DR,-83.39588520683007,33.93930944698443,124B3 C004
301A1 A009,180 WESLEY DR,-83.2858415485381,33.92090258041288,301A1 A009
163B4 A014,490 RUTH ST,-83.3673378957442,33.974019143618065,163B4 A014
242    005C,301 PETTIT LN,-83.30213268381269,33.92118850938971,242    005C
123B4 C004,255 PINE VALLEY DR,-83.41252873512113,33.93845575706946,123B4 C004
173A3 H021,151 UNIVERSITY DR,-83.38322171470841,33.937715062251,173A3 H021
131A1 A001,102 BRANFORD PL,-83.41333573614644,33.927767085011006,131A1 A001
132B2 B007,215 TERRELL DR,-83.39375056783176,33.92607668945483,132B2 B007
163C3 E004,698 N POPE ST,-83.38533445265382,33.96259976176864,163C3 E004
122A4 F002,495 KING AVE,-83.40103040758737,33.95544607082887,122A4 F002
114D4 B039A,123 CAIN ST,-83.39096693257613,33.96481483595226,114D4 B039A
124B2 F006,237 WOODLAWN AVE,-83.38984789734246,33.9415083965162,124B2 F006
113A1 D013,220 CLIFTON DR,-83.43174550038671,33.975383669164884,113A1 D013
233B4 C001,2965 CHEROKEE RD,-83.31934711081561,33.94070175437328,233B4 C001
121    003C,7 BEECH HAVEN DR,-83.42329601057759,33.94916020980155,121    003C
121A1 E001C,1020 FOREST HEIGHTS DR,-83.43066873299281,33.96067492457567,121A1 E001C
233A1 C001,2200 LEXINGTON RD,-83.33958084316345,33.94447963597892,233A1 C001
173C2 F023,155 HARDIN DR,-83.37803269685558,33.934213642005076,173C2 F023
182B3 A012,341 COLLEGE CIR,-83.35053401999825,33.925460024648295,182B3 A012
122B1 B020,824 HILL ST,-83.39383413462728,33.95868864162496,122B1 B020
243A6 B016,230 PEBBLE CREEK DR,-83.33155450326679,33.89969428111848,243A6 B016
121A4 F008,230 PINE FOREST DR,-83.4282795518942,33.95465646540243,121A4 F008
184B8 C031,140 WAKEFIELD TRCE,-83.34365977551543,33.91055140371857,184B8 C031
122A3 B010,410 MILLARD AVE,-83.40998641555211,33.95641533311534,122A3 B010
122B2 F003,410 FRANKLIN ST,-83.39107703412735,33.959560333185806,122B2 F003
173C2 C011,335 SOUTHVIEW DR,-83.37973335818337,33.93537807313185,173C2 C011
251    031A,3890 BARNETT SHOALS RD,-83.3273883950045,33.88979493310573,251    031A
173C1 E004,150 UNIVERSITY DR,-83.38322659102846,33.93704157264343,173C1 E004
173C1 G020,170 MILLEDGE TER,-83.38687108699575,33.935935750764635,173C1 G020
132D4 A011,139 SLEEPY CREEK DR,-83.39006632026188,33.92470127779407,132D4 A011
174B6 J007,364 EDGEWATER DR,-83.3464592345663,33.94142680624204,174B6 J007
171A3 K007,458 DEARING ST,-83.38743882451875,33.95411253024178,171A3 K007
061A3 D005,195 LAKEFOREST DR,-83.47942275398484,33.985216417999794,061A3 D005
174D2 A005,1130 BARNETT SHOALS RD,-83.34832040947663,33.9320320513073,174D2 A005
122B3 F020,269 THE PLAZA,-83.3977765923157,33.95451005188054,122B3 F020
171A7 A006,131 E BROAD ST,-83.37651165077686,33.95780132636134,171A7 A006
171A7 B004,131 E BROAD ST,-83.37648636586145,33.95766100005914,171A7 B004
121A4 E005,310 PINE FOREST DR,-83.42604385861128,33.95486216781675,121A4 E005
173C4 G008,191 ANNES CT,-83.38263358926687,33.92901946022586,173C4 G008
124A3 D001,150 PINE VALLEY PL,-83.40983618711167,33.93891766966894,124A3 D001
173A4 H010,179 OFARRELL ST,-83.37952272978646,33.93809093240765,173A4 H010
173A1 D002,229 W CLOVERHURST AVE,-83.38678475360749,33.94442015218826,173A1 D002
163B4 A018,464 RUTH ST,-83.36981906339508,33.97407295572128,163B4 A018
163C1 A001,498 ATHENS AVE,-83.382893656815,33.970295004738226,163C1 A001
114D1 D008,143 BRYAN ST,-83.3933561753961,33.96976807410246,114D1 D008
132B2 G010A,2142 S LUMPKIN ST,-83.3909538426781,33.92781494577994,132B2 G010A
164C3 E007,298 FIRST ST,-83.36278912310672,33.96531319741218,164C3 E007
164C3 F002,507 THIRD ST,-83.36338421426173,33.96572167391541,164C3 F002
171C3 B055,174 TALMADGE ST,-83.3839089000654,33.94821918201825,171C3 B055
111C3 B020,120 BEVERLY DR,-83.43248096964756,33.97959076151063,111C3 B020
243A1 G014,150 MCKEY CT,-83.33200727938333,33.903806083002884,243A1 G014
172A3 E004,135 S POPLAR ST,-83.3623624704877,33.95636599666397,172A3 E004
184B5 A017,245 GREENWOOD LN,-83.34067666334326,33.90879911799532,184B5 A017
171C1 A002D,315 S POPE ST,-83.38315148693535,33.953343860995524,171C1 A002D
114D1 B014,187 CHATTOOGA AVE,-83.39432687957603,33.968340756390205,114D1 B014
132B3 C014,262 RHODES DR,-83.39730773660288,33.921343920799366,132B3 C014
072C2 A008,130 AUSTIN DR,-83.4525226264126,33.950393463658195,072C2 A008
124C4 B001,100 DUNCAN SPRINGS RD,-83.4018134501854,33.931709038356814,124C4 B001
171A7 A004,131 E BROAD ST,-83.37648636586145,33.95766100005914,171A7 A004
114D3 B010,133 LENOIR AVE,-83.39640055305739,33.9652144900272,114D3 B010
172C5 A014,290 APPLEBY DR,-83.36329519183634,33.94845428335982,172C5 A014
181A2 E057,1905 S MILLEDGE AVE,-83.37827919370953,33.9270317819076,181A2 E057
163B3 F021,200 RUTH ST,-83.37558196166657,33.97141623760257,163B3 F021
173C2 G008,144 HARDIN DR,-83.37857183402305,33.933588409424544,173C2 G008
123C2 A027,1455 TIMOTHY RD,-83.4321815662385,33.93377484094061,123C2 A027
121A4 E007,255 STONELAND DR,-83.42599382318987,33.954243045651765,121A4 E007
173A3 I003,215 MORTON AVE,-83.38299725236853,33.93888642327958,173A3 I003
064    018,726 WHITEHEAD RD,-83.43783794941457,33.971129336645305,064    018
121B2 H027,335 LUCILLE ST,-83.41678874685637,33.95806838522138,121B2 H027
073A3  011,320 LOGMONT TRCE,-83.47175906369037,33.943631806111206,073A3  011
124D4 C004,140 OLD PRINCETON RD,-83.39282055022818,33.92934518109161,124D4 C004
163B7 A019,280 LAKE ST,-83.37116073074303,33.976017784476525,163B7 A019
184B8 B014,104 LAUREN LN,-83.3426867199109,33.909112118880394,184B8 B014
171A9 F008,250 W BROAD ST,-83.37914381302377,33.9571289071314,171A9 F008
122C4 B012,257 MAGNOLIA ST,-83.40310320388102,33.94714441726091,122C4 B012
112D2 E006,1284 TOWNE SQUARE CT,-83.40059363194793,33.9842048522882,112D2 E006
122B4 E004,1185 W HANCOCK AVE,-83.39246986138257,33.955983883072705,122B4 E004
171C2 D003,494 BAXTER ST,-83.38272075874849,33.950725762002556,171C2 D003
184D1 C025,241 CENTER PARK LN,-83.35202931877939,33.90872849244507,184D1 C025
121B5 A010,236 HAMPTON PARK DR,-83.42025194546822,33.95843418511834,121B5 A010
122A1 I005,530 HOLMAN AVE,-83.4082515336092,33.95912745251308,122A1 I005
113A4 D001,185 ATKINSON DR,-83.42785805118804,33.97384116394739,113A4 D001
122A4 E025,530 KING AVE,-83.4020676445389,33.955324550048644,122A4 E025
172A3 B010,165 MULBERRY ST,-83.3635560005897,33.95627121465992,172A3 B010
172A3 F004A,168 HERRING ST,-83.36017785934783,33.9539782303702,172A3 F004A
163B3 F025,185 MARLIN ST,-83.37215382575707,33.97046832645013,163B3 F025
171D3 A101,250 LITTLE ST,-83.36668784804021,33.95015311661458,171D3 A101
073A3  014,410 LOGMONT TRCE,-83.4718464824315,33.94384555964143,073A3  014
114C3 B003,545 OGLETHORPE AVE,-83.40840061086827,33.9621923763528,114C3 B003
122C2 F028,125 HONEYSUCKLE LN,-83.40357867039849,33.95027096889687,122C2 F028
171A9 F017,250 W BROAD ST,-83.37898743502544,33.95728794943171,171A9 F017
171A9 F025,250 W BROAD ST,-83.37907262537489,33.957540017814686,171A9 F025
072C2 C003,270 PROVIDENCE RD,-83.45101322607863,33.94713635413768,072C2 C003
181A6 C001,120 MOOSE CLUB DR,-83.37962113954796,33.925107575310726,181A6 C001
173C1 D009,169 MILLEDGE HTS,-83.38468780655712,33.934582883611824,173C1 D009
173C1 D012,195 MILLEDGE HTS,-83.38503247402734,33.933921767582035,173C1 D012
163C1 D002,672 BARBER ST,-83.38656151838619,33.96927207563899,163C1 D002
132B2 B019,150 WITHERSPOON RD,-83.39349843913726,33.9266403581721,132B2 B019
173A4 H010A,185 OFARRELL ST,-83.3796929182468,33.93822388839261,173A4 H010A
163C3 D016,125 BOULEVARD,-83.3855422650098,33.96498904077512,163C3 D016
233A3 A071,175 S STRATFORD DR,-83.33724028029678,33.93313559211201,233A3 A071
173C1 D005,129 MILLEDGE HTS,-83.38436131623467,33.935173446733224,173C1 D005
122A1 I020,385 BEST DR,-83.40783278734186,33.95977478299132,122A1 I020
173C4 G007,175 ANNES CT,-83.38253566265841,33.92934413919376,173C4 G007
163D4 E004,127 ODD ST,-83.37009008553824,33.96404906487968,163D4 E004
122B1 A035,552 COBB ST,-83.39356212313977,33.95999970624413,122B1 A035
123D2 B003A,155 HARBEN PL,-83.41286957945803,33.93744723880502,123D2 B003A
172A1 B019,235 N PETER ST,-83.35995284345199,33.95872973895038,172A1 B019
114C2 A005,55 JEFFERSON CIR,-83.40581760184084,33.969595995560255,114C2 A005
122A4 E027,450 KING AVE,-83.40177092403103,33.95565317704457,122A4 E027
163C1 C011,245 ATLANTA AVE,-83.38572084773004,33.96881271507312,163C1 C011
122D4 E003,237 SPRINGDALE ST,-83.38868325707588,33.945788018200766,122D4 E003
173A1 D009,306 W RUTHERFORD ST,-83.3867998694228,33.94338128300453,173A1 D009
122D2 E005,648 DEARING ST,-83.39157225785371,33.953120004500924,122D2 E005
122A2 A003,350 WILLOW RUN,-83.40542856974331,33.96147764170992,122A2 A003
122A2 E002A,355 PINE NEEDLE RD,-83.40332077094338,33.95972594085898,122A2 E002A
173A3 C004,1175 S MILLEDGE AVE,-83.38666444558767,33.93998707796539,173A3 C004
112D2 E004,1288 TOWNE SQUARE CT,-83.40054325678096,33.98445788086923,112D2 E004
173C3 B010,364 PARKWAY DR,-83.3871653842572,33.930513528158656,173C3 B010
122A1 H005,435 HOLMAN AVE,-83.40884495535991,33.957946415012145,122A1 H005
122A1 I004,540 HOLMAN AVE,-83.40827695072339,33.95933495479581,122A1 I004
302    006U,300 JOE CAREY DR,-83.26440678175449,33.914890303857206,302    006U
122C2 A002,54 HOLMAN AVE,-83.40154646831559,33.95316898744887,122C2 A002
182C2 D015,415 UNIVERSITY CIR,-83.35755612347074,33.91738345737567,182C2 D015
122B1 E028,120 WAVERLY CT,-83.39702158367821,33.958515944112975,122B1 E028
173C4 C031,1775 S MILLEDGE AVE,-83.38023068954273,33.92951095845468,173C4 C031
113B1 A016,240 HUNNICUTT DR,-83.42088874746172,33.97672168623537,113B1 A016
123B4 A019,510 RIVERHILL DR,-83.4149168367689,33.93881061672379,123B4 A019
172C3 A003,336 CARR ST,-83.3637850350223,33.94897934631517,172C3 A003
163D4 D010,168 PEARL ST,-83.36791238144156,33.964022719970366,163D4 D010
173C2 B008,445 SOUTHVIEW DR,-83.37840674552747,33.93542455412611,173C2 B008
122B4 D021,1045 W HANCOCK AVE,-83.39100237334264,33.95634290264534,122B4 D021
124D3 B013,620 RIVERVIEW RD,-83.39533004886657,33.92946563761752,124D3 B013
122C2 B001,35 HOLMAN AVE,-83.40177486490954,33.952546732139886,122C2 B001
122B1 F001,725 COBB ST,-83.39608323486657,33.959592857579246,122B1 F001
124B4 C015,546 CASTALIA AVE,-83.38902123969724,33.93959218175428,124B4 C015
124A2 B003,340 FORTSON DR,-83.40162010860857,33.94247884296217,124A2 B003
122B1 A033,640 COBB ST,-83.39411170402164,33.96017575989654,122B1 A033
122B4 D001,270 N CHASE ST,-83.39135170821956,33.95606161972565,122B4 D001
163C4 C017,561 PULASKI ST,-83.38179891577708,33.96273822696115,163C4 C017
171B5 A003,121 E CLAYTON ST,-83.37682597634624,33.95850112991339,171B5 A003
132B3 C012,270 RHODES DR,-83.39742420392822,33.92196137302865,132B3 C012
163A3 B041,330 MACON AVE,-83.38289332760856,33.97165184631303,163A3 B041
121C2 D002,345 PINE FOREST DR,-83.42451030346132,33.95406634010919,121C2 D002
124A1 B015,10 PINE VALLEY DR,-83.41028335789898,33.94337981195225,124A1 B015
181A2 E014,1684 MILLEDGE AVE,-83.37887790742418,33.929013005459616,181A2 E014
164C3 G001,385 REAR FIRST ST,-83.36455742850733,33.9660806528679,164C3 G001
124D2 E013,175 GREENWOOD DR,-83.38868706182552,33.93371689192013,124D2 E013
172A3 B019,1294 E BROAD ST,-83.36282058887656,33.9571146420299,172A3 B019
124C2 D012,140 CHESTNUT LN,-83.39989580588647,33.934133370000474,124C2 D012
122A3 E009,220 PRICE AVE,-83.40741094801832,33.9557604750218,122A3 E009
241C1 B015,360 FOREST RD,-83.33794821773704,33.91853577730365,241C1 B015
182A5 A003,165 RIVER OAK WAY,-83.35847981872958,33.91259675258256,182A5 A003
163D4 E006,167 ODD ST,-83.36958713098433,33.96421609323078,163D4 E006
121C1 E005,325 RIVERMONT RD,-83.42980040365518,33.952512531689486,121C1 E005
121A3 H004,170 SHERWOOD DR,-83.43398855097008,33.955836965278486,121A3 H004
124B1 B008,259 FORTSON DR,-83.3998191161713,33.943554962404775,124B1 B008
173A4 K005,373 HAMPTON CT,-83.37987713077156,33.936579880311186,173A4 K005
122A2 E008,630 BELVOIR HTS,-83.4027351163522,33.95858036079161,122A2 E008
173A1 C012,100 CLOVERHURST TER,-83.38552251109657,33.94397820758936,173A1 C012
163C3 D026,172 GRADY AVE,-83.38687459360843,33.96379552334474,163C3 D026
163C3 D030,150 GRADY AVE,-83.38703726751189,33.96306396268627,163C3 D030
172B3 B004,660 VINE ST,-83.35320344679847,33.954064733888735,172B3 B004
121B5 A016,105 SURRY CT,-83.42070191757068,33.957666017435535,121B5 A016
122A1 G008,211 GLORIA ST,-83.41055658214752,33.958053809047115,122A1 G008
122A4 E011,555 TALMADGE DR,-83.40270407421806,33.9556705932204,122A4 E011
163D7 K015,211 NORTH AVE,-83.37055047951314,33.97250511339169,163D7 K015
124A2 C010,160 MEADOWVIEW RD,-83.40034118438747,33.941432407932645,124A2 C010
NA,100 WOODSTONE DR,-83.36955338812395,33.91871474295542,NA
NA,1015 WHIT DAVIS RD,-83.31136558509785,33.91306190004469,NA
NA,105 EAGLEWOOD WAY,-83.38972057701908,33.921863798398576,NA
NA,105 EDGEWOOD DR,-83.45138204678778,33.928480403447516,NA
NA,105 WHITEHEAD RD,-83.43019281217946,33.98877568085162,NA
NA,1055 BAXTER ST,-83.3951329192173,33.94651945644687,NA
NA,1055 BAXTER ST,-83.3951329192173,33.94651945644687,NA
NA,1055 BAXTER ST,-83.3951329192173,33.94651945644687,NA
NA,110 HIGHLAND DR,-83.44705130382582,33.93582567101123,NA
NA,110 QUAILWOOD DR,-83.44903554927814,33.97285031492356,NA
NA,112 HICKORY POINTE DR,-83.31415222228124,33.87022221661758,NA
NA,115 LENOX RD,-83.45056851006639,33.928817589169896,NA
NA,115 WEXFORD PL,-83.42770606308387,33.93459178351548,NA
NA,1150 TIMOTHY RD,-83.42183899142127,33.933230851781666,NA
NA,120 DOVE VALLEY LN,-83.44670988766539,33.98186941905093,NA
NA,123 AMBLER RD,-83.42919753610556,33.99315747076954,NA
NA,123 EAGLEWOOD WAY,-83.39018596684954,33.9220957611724,NA
NA,125 DENNIS DR,-83.34183679517167,33.92632610395016,NA
NA,125 DENNIS DR,-83.34183679517167,33.92632610395016,NA
NA,127 EAGLEWOOD WAY,-83.39018511931621,33.92218917660731,NA
NA,1297 SPRING VALLEY RD,-83.31234127270218,33.98447741490096,NA
NA,130 HANOVER CIR,-83.48063370194899,33.95536644907294,NA
NA,137 EAGLEWOOD WAY,-83.39018102077327,33.922430281792714,NA
NA,139 EAGLEWOOD WAY,-83.39018052226336,33.922485226742424,NA
NA,140 WALTON CREEK RD,-83.4396314683746,34.00065629560765,NA
NA,1445 CHEROKEE RD,-83.29663630212286,33.954169258281425,NA
NA,145 JADE DR,-83.362115197113,33.90533715445902,NA
NA,147 WHITE CIR,-83.35660967210788,33.90695044992915,NA
NA,150 BINION RD,-83.3204403118101,33.962197987907516,NA
NA,150 OLD FORT RD,-83.45007297681308,33.974892863822184,NA
NA,1595 TIMOTHY RD,-83.43674671996392,33.93325109716333,NA
NA,160 JONES DR,-83.4433253696591,33.93361671038494,NA
NA,161 DENNIS DR,-83.34321285360815,33.92571240796495,NA
NA,161 KIM CHASE RD,-83.3821184938412,34.000519546593914,NA
NA,167 WHITE CIR,-83.35697950855142,33.90668408377833,NA
NA,170 HANOVER CIR,-83.47970845373544,33.95619808204637,NA
NA,170 PARK RIDGE DR,-83.34205789419266,33.93210851878568,NA
NA,1705 TIMOTHY RD,-83.44135328537654,33.93431859233661,NA
NA,171 RED MAPLE DR,-83.48884764171463,33.934480989712036,NA
NA,175 CLARKEWOODS RD,-83.42265658248311,34.013861238197116,NA
NA,180 GREEN HILLS RD,-83.31814149569513,33.8601767398732,NA
NA,1800 CHARLIE BOLTON RD,-83.27251006056623,34.00337874194454,NA
NA,1800 CRESCENT LN,-83.42393086480492,33.98299917130161,NA
NA,1830 CRESCENT LN,-83.42070417935578,33.98465829986476,NA
NA,185 DEERTREE DR,-83.30980507650655,33.898937759364166,NA
NA,185 GATEWOOD PL,-83.44689829773299,33.998238456862104,NA
NA,190 AMBLER RD,-83.42901216683559,33.99282757861171,NA
NA,190 GATEWOOD PL,-83.44641922061744,33.99745852674256,NA
NA,190 LAKEWOOD DR,-83.34920227940033,33.938779798386385,NA
NA,2000 TIMOTHY RD,-83.44993395853513,33.93772834728537,NA
NA,2035 TIMOTHY RD,-83.45408088991329,33.93520646229071,NA
NA,205 JADE DR,-83.36121810949211,33.906511193426944,NA
